{"viewBox": [1000, 620], "bounds": {"lat_min": 52.477768, "lat_max": 52.482359, "lng_min": 13.388477, "lng_max": 13.397453, "pad": 30, "w": 1000, "h": 620}, "outline": [[747.2, 123.0], [747.2, 123.0], [726.3, 134.0], [723.2, 134.9], [690.1, 141.0], [667.9, 143.7], [648.6, 145.9], [617.4, 149.7], [595.4, 152.6], [567.2, 156.8], [544.8, 160.8], [517.3, 167.1], [495.6, 173.2], [464.0, 184.1], [444.2, 192.7], [416.6, 207.2], [388.2, 225.9], [369.9, 239.7], [356.1, 251.2], [340.0, 266.1], [325.2, 281.6], [309.0, 300.9], [298.3, 313.9], [282.3, 333.4], [268.7, 349.3], [252.9, 367.2], [242.7, 378.5], [230.1, 391.5], [220.4, 400.4], [208.4, 409.3], [196.0, 415.6], [190.8, 417.2], [167.8, 418.2], [156.9, 414.6], [150.1, 410.0], [145.2, 402.6], [143.6, 395.6], [144.6, 385.8], [147.7, 377.2], [152.9, 368.0], [162.1, 356.0], [171.5, 346.1], [185.0, 333.1], [200.1, 319.7], [203.3, 316.9], [233.6, 291.4], [251.2, 277.5], [265.6, 266.7], [284.1, 253.9], [299.1, 244.3], [317.4, 233.4], [331.6, 225.3], [348.6, 216.1], [361.7, 209.4], [380.4, 200.4], [392.1, 194.8], [402.5, 189.6], [412.4, 182.9], [417.4, 177.3], [418.9, 168.5], [415.3, 162.1], [408.0, 157.5], [400.2, 155.4], [388.3, 154.6], [370.8, 156.4], [350.2, 161.5], [335.1, 166.9], [315.3, 176.2], [294.9, 187.9], [274.0, 201.8], [256.9, 214.3], [234.9, 231.4], [212.0, 249.9], [188.8, 269.7], [166.0, 291.0], [144.3, 313.9], [128.1, 333.4], [106.0, 363.1], [95.9, 378.1], [77.6, 408.4], [69.3, 423.6], [51.7, 458.4], [36.0, 497.6], [33.3, 512.9], [34.5, 533.8], [40.6, 549.1], [50.8, 562.3], [64.0, 572.5], [79.6, 579.9], [76.4, 578.7], [107.0, 586.3], [124.7, 587.2], [142.9, 585.7], [160.6, 581.5], [173.6, 576.0], [188.2, 566.6], [200.6, 554.7], [214.7, 534.0], [223.7, 516.4], [234.8, 497.3], [257.3, 469.7], [282.9, 446.0], [308.2, 426.5], [342.0, 403.1], [347.9, 399.2], [417.8, 354.9], [411.1, 359.0], [487.6, 312.7], [547.9, 278.8], [586.7, 259.3], [663.8, 222.5], [702.4, 205.4], [740.7, 189.7], [769.5, 178.3], [808.6, 162.7], [832.3, 152.6], [859.5, 140.4], [878.7, 130.6], [899.3, 118.0], [913.1, 107.7], [924.1, 97.8], [934.4, 86.7], [941.4, 73.6], [942.2, 65.4], [940.0, 58.2], [933.2, 50.8], [925.0, 46.1], [911.6, 41.5], [898.4, 38.8], [878.9, 36.6], [856.6, 35.9], [833.8, 35.8], [815.7, 35.5], [791.7, 35.8], [778.2, 37.1], [763.4, 40.9], [750.2, 47.9], [743.4, 57.1], [742.2, 64.1], [744.1, 73.2], [748.0, 80.4], [753.7, 89.9], [752.6, 88.0], [756.6, 106.0], [751.5, 117.0], [746.9, 121.7], [733.6, 129.8], [721.7, 134.4], [703.4, 139.1], [681.5, 142.6], [650.6, 145.8], [633.6, 147.4]], "cameras": [{"id": "Cam01", "turn": "FL", "x": 747.2, "y": 123.0}, {"id": "Cam02", "turn": "FL/T1", "x": 617.4, "y": 149.7}, {"id": "Cam03", "turn": "T1", "x": 444.2, "y": 192.7}, {"id": "Cam04", "turn": "T2", "x": 309.0, "y": 300.9}, {"id": "Cam05", "turn": "T2/T3", "x": 220.4, "y": 400.4}, {"id": "Cam06", "turn": "T3", "x": 145.2, "y": 402.6}, {"id": "Cam07", "turn": "T4", "x": 200.1, "y": 319.7}, {"id": "Cam08", "turn": "T4/T5", "x": 317.4, "y": 233.4}, {"id": "Cam09", "turn": "T5/T6", "x": 412.4, "y": 182.9}, {"id": "Cam10", "turn": "T6", "x": 370.8, "y": 156.4}, {"id": "Cam11", "turn": "T7", "x": 234.9, "y": 231.4}, {"id": "Cam12", "turn": "T7/T8", "x": 77.6, "y": 408.4}, {"id": "Cam13", "turn": "T9A", "x": 50.8, "y": 562.3}, {"id": "Cam14", "turn": "T9B", "x": 160.6, "y": 581.5}, {"id": "Cam15", "turn": "T10", "x": 257.3, "y": 469.7}, {"id": "Cam16", "turn": "T11", "x": 487.6, "y": 312.7}, {"id": "Cam17", "turn": "T11/T12", "x": 832.3, "y": 152.6}, {"id": "Cam18", "turn": "T12", "x": 941.4, "y": 73.6}, {"id": "Cam19", "turn": "T13", "x": 878.9, "y": 36.6}, {"id": "Cam20", "turn": "T14", "x": 750.2, "y": 47.9}, {"id": "Cam21", "turn": "PIT ENTRY", "x": 756.6, "y": 106.0}, {"id": "Cam22", "turn": "PIT EXIT", "x": 769.2, "y": 157.0}, {"id": "Cam23", "turn": "PIT A", "x": 791.2, "y": 157.0}, {"id": "Cam24", "turn": "PIT B", "x": 813.2, "y": 157.0}], "incidents": [{"label": "#33 (pit — no flag)", "race_time_s": 70, "pause_s": 200, "note": "Pit-lane stop by #33. The pit-lane guard suppresses it — the telemetry agent SAYS it saw the stop and dismissed it, and Race Control correctly stays GREEN. Proof the system won't false-alarm on a routine pit stop."}, {"label": "Günther", "race_time_s": 640, "pause_s": 840, "note": "#48 yaw-spikes then settles (note only — no flag, no CCTV call). #7 stops on track, escalates to Safety Car, and Cam05 corroborates. #7 is RETIRED: its later tow-speed movement must NOT clear the flag."}, {"label": "Fenestraz + Nato", "race_time_s": 1670, "pause_s": 1772, "note": "#17 and #23 stop in the same instant and correctly fuse into ONE Safety Car incident, corroborated on Cam07."}, {"label": "Mortara", "race_time_s": 1730, "pause_s": 1900, "note": "#23 is stranded; #48 then stops and later recovers at racing speed. The Safety Car HOLDS — one car racing again does not clear a flag another car is still causing."}]}